view_idx,azimuth_deg,elevation_deg,lpips,psnr,ssim,crop_h,crop_w,xmag,ymag
1,0.0,25.264,0.12513837218284607,11.079598,0.9261344,857,642,0.2427261340841592,0.4496834854346313
2,3.6,25.264,0.1262839138507843,11.225765,0.9274078,838,639,0.2665636978273272,0.45586200182814224
3,7.2,25.264,0.1266312152147293,11.279585,0.92892337,820,637,0.2893492564365404,0.4613638480657938
4,10.8,25.264,0.12529799342155457,11.214554,0.9280407,803,632,0.3109928857216997,0.4661673108740406
5,14.4,25.264,0.12726406753063202,11.155358,0.9263564,787,633,0.3314091681660499,0.4702534331796717
6,18.0,25.264,0.12507641315460205,11.205481,0.9267289,773,654,0.3505175300300957,0.4736060889247188
7,21.6,25.264,0.11734285205602646,11.2728195,0.9263441,760,674,0.3682425593393399,0.4762120467086384
8,25.2,25.264,0.11489205062389374,11.482215,0.9277625,748,694,0.38451430350089444,0.47806102200660666
9,28.8,25.264,0.11091940104961395,11.780962,0.9313982,737,715,0.39926854537440637,0.47914571775783904
10,32.4,25.264,0.11312733590602875,11.82546,0.931559,726,739,0.4124470567077728,0.4794618531637554
11,36.0,25.264,0.11108949780464172,11.839157,0.93098277,718,762,0.42399782793745033,0.4790081805823374
12,39.6,25.264,0.10776090621948242,11.891288,0.9313565,710,786,0.4338752734464409,0.47778649045200045
13,43.2,25.264,0.10296326130628586,11.960821,0.9318822,704,809,0.4420404114698957,0.475801604225552
14,46.800000000000004,25.264,0.10429078340530396,11.962568,0.931674,698,832,0.44846101793833304,0.4730613553421194
15,50.4,25.264,0.10561197996139526,11.948439,0.9302314,694,852,0.45311175365131834,0.46957655831214506
16,54.0,25.264,0.10872973501682281,11.854972,0.9290641,691,872,0.45597426427971116,0.465360966037454
17,57.6,25.264,0.10961605608463287,11.762123,0.9286894,689,889,0.4570372528018182,0.46043121553483346
18,61.2,25.264,0.11092662811279297,11.641971,0.9281833,687,904,0.4562965240875759,0.45480676227732836
19,64.8,25.264,0.109849713742733,11.486512,0.9285194,687,926,0.45375500145481257,0.448509803412378
20,68.4,25.264,0.11198322474956512,11.324209,0.93035144,689,963,0.44942271513224835,0.4415651901598154
21,72.0,25.264,0.11059611290693283,11.194453,0.932102,695,999,0.4433167626747652,0.43400032973545655
22,75.60000000000001,25.264,0.11137186735868454,11.157753,0.93375564,702,1034,0.43546124148716847,0.4258450771873402
23,79.2,25.264,0.10855625569820404,11.231271,0.9357843,709,1068,0.42588715372273944,0.4171316175714934
24,82.8,25.264,0.10795266181230545,11.209993,0.9371395,719,1102,0.41463228393189955,0.4078943389322188
25,86.4,25.264,0.10550396889448166,11.266188,0.9389689,729,1134,0.4017410499438521,0.39816969658819457
26,90.0,25.264,0.1021956130862236,11.469461,0.94093657,741,1166,0.38726432756970397,0.387996069259986
27,93.60000000000001,25.264,0.09954525530338287,11.859137,0.9417398,724,1134,0.4017410499438522,0.39816969658819457
28,97.2,25.264,0.09995372593402863,11.947576,0.94132966,708,1102,0.41463228393189955,0.4078943389322189
29,100.8,25.264,0.10030660033226013,11.952282,0.9414007,693,1068,0.42588715372273944,0.41713161757149353
30,104.4,25.264,0.10438361763954163,11.789564,0.9390867,679,1032,0.4354612414871685,0.4258450771873401
31,108.0,25.264,0.1063433289527893,11.541581,0.9368637,666,995,0.4433167626747651,0.43400032973545655
32,111.60000000000001,25.264,0.11117322742938995,11.242054,0.9342255,655,958,0.44942271513224835,0.4415651901598155
33,115.2,25.264,0.11482526361942291,10.860203,0.93185943,648,919,0.45375500145481257,0.44850980341237806
34,118.8,25.264,0.11872269213199615,10.447074,0.9301155,644,890,0.4562965240875758,0.45480676227732836
35,122.4,25.264,0.12134011834859848,10.103346,0.92920893,639,876,0.45703725280181823,0.46043121553483335
36,126.0,25.264,0.12031622976064682,9.887715,0.9292496,636,860,0.4559742642797111,0.46536096603745397
37,129.6,25.264,0.11784132570028305,9.765297,0.92881775,634,841,0.4531117536513185,0.4695765583121451
38,133.20000000000002,25.264,0.11263646930456161,9.668375,0.92986727,632,821,0.44846101793833304,0.4730613553421194
39,136.8,25.264,0.10911616683006287,9.548098,0.9300323,630,800,0.44204041146989564,0.47580160422555207
40,140.4,25.264,0.10999462008476257,9.45614,0.9294254,629,777,0.43387527344644083,0.47778649045200056
41,144.0,25.264,0.1081068366765976,9.408476,0.9300838,630,755,0.42399782793745056,0.47900818058233746
42,147.6,25.264,0.10778608173131943,9.415464,0.9303425,635,733,0.4124470567077728,0.47946185316375545
43,151.20000000000002,25.264,0.10979736596345901,9.468742,0.9286396,644,710,0.3992685453744063,0.47914571775783904
44,154.8,25.264,0.11352559179067612,9.455069,0.925217,652,690,0.38451430350089466,0.4780610220066068
45,158.4,25.264,0.11667165160179138,9.379026,0.9235527,663,671,0.36824255933933986,0.47621204670863837
46,162.0,25.264,0.12166409939527512,9.26057,0.92162234,674,652,0.3505175300300958,0.47360608892471856
47,165.6,25.264,0.12804538011550903,9.130381,0.9196351,685,631,0.33140916816605,0.4702534331796715
48,169.20000000000002,25.264,0.12610001862049103,9.035257,0.9217009,698,631,0.3109928857216996,0.46616731087404056
49,172.8,25.264,0.13006001710891724,8.945629,0.92085296,712,637,0.2893492564365404,0.4613638480657939
50,176.4,25.264,0.133893683552742,8.984043,0.9185791,727,640,0.26656369782732714,0.45586200182814224
51,180.0,25.264,0.13680782914161682,9.093059,0.9185316,745,642,0.24272613408415925,0.44968348543463127
52,183.6,25.264,0.13830532133579254,9.346494,0.9214321,743,639,0.2665636978273272,0.45586200182814224
53,187.20000000000002,25.264,0.13823217153549194,9.725451,0.9239841,742,637,0.28934925643654047,0.46136384806579384
54,190.8,25.264,0.13697627186775208,10.214115,0.9256236,740,632,0.3109928857216997,0.46616731087404056
55,194.4,25.264,0.1294364333152771,10.748035,0.9265604,739,633,0.33140916816605,0.47025343317967166
56,198.0,25.264,0.12101370096206665,11.311196,0.92942315,738,654,0.3505175300300957,0.47360608892471867
57,201.6,25.264,0.11596745997667313,11.927467,0.93224865,738,674,0.3682425593393399,0.4762120467086385
58,205.20000000000002,25.264,0.11744286864995956,12.488233,0.9342901,737,694,0.38451430350089455,0.4780610220066067
59,208.8,25.264,0.11561544984579086,12.670573,0.9334534,736,715,0.3992685453744064,0.479145717757839
60,212.4,25.264,0.11662942171096802,12.541963,0.93232757,735,739,0.41244705670777293,0.4794618531637555
61,216.0,25.264,0.11897648870944977,12.3606,0.93088657,736,762,0.4239978279374505,0.47900818058233735
62,219.6,25.264,0.12153488397598267,11.987227,0.92913467,738,786,0.4338752734464409,0.4777864904520005
63,223.20000000000002,25.264,0.12335485965013504,11.535795,0.9272413,742,809,0.44204041146989564,0.47580160422555196
64,226.8,25.264,0.12366372346878052,11.22817,0.92622465,746,832,0.4484610179383331,0.47306135534211946
65,230.4,25.264,0.12231512367725372,11.214124,0.92706996,754,853,0.45311175365131856,0.46957655831214523
66,234.0,25.264,0.12197805941104889,11.13485,0.92697793,769,871,0.4559742642797114,0.465360966037454
67,237.6,25.264,0.12446147203445435,11.054567,0.9276001,787,889,0.4570372528018183,0.4604312155348335
68,241.20000000000002,25.264,0.12072005867958069,10.987383,0.9275934,805,904,0.45629652408757587,0.45480676227732836
69,244.8,25.264,0.12185927480459213,10.943065,0.92868775,825,926,0.4537550014548125,0.44850980341237795
70,248.4,25.264,0.11561203002929688,10.903989,0.9312076,846,963,0.44942271513224835,0.44156519015981543
71,252.0,25.264,0.11411789059638977,10.839922,0.93343896,870,999,0.4433167626747652,0.43400032973545655
72,255.6,25.264,0.11261391639709473,10.793396,0.935144,894,1034,0.4354612414871685,0.4258450771873403
73,259.2,25.264,0.11182314157485962,10.782863,0.93686295,920,1067,0.42588715372273944,0.4171316175714935
74,262.8,25.264,0.10876460373401642,10.792732,0.9384255,949,1101,0.41463228393189944,0.4078943389322189
75,266.40000000000003,25.264,0.10550807416439056,10.8071,0.9398907,978,1134,0.4017410499438521,0.39816969658819457
76,270.0,25.264,0.104710653424263,10.815043,0.94141287,1010,1166,0.387264327569704,0.387996069259986
77,273.6,25.264,0.10353045165538788,10.850065,0.9415242,992,1134,0.4017410499438524,0.3981696965881947
78,277.2,25.264,0.10332883894443512,10.83618,0.9411146,974,1101,0.41463228393189955,0.4078943389322189
79,280.8,25.264,0.10383059084415436,10.80476,0.94110876,959,1068,0.42588715372273955,0.41713161757149353
80,284.40000000000003,25.264,0.10478505492210388,10.816622,0.9405069,946,1032,0.4354612414871685,0.4258450771873402
81,288.0,25.264,0.10359875857830048,10.87564,0.940278,934,995,0.4433167626747652,0.4340003297354567
82,291.6,25.264,0.10374484211206436,10.967851,0.94010574,921,957,0.4494227151322484,0.4415651901598156
83,295.2,25.264,0.10420005023479462,11.088071,0.9400535,910,918,0.45375500145481246,0.4485098034123781
84,298.8,25.264,0.10626230388879776,11.122123,0.94040465,901,890,0.45629652408757604,0.45480676227732847
85,302.40000000000003,25.264,0.10329984128475189,11.117353,0.9416128,891,876,0.45703725280181823,0.46043121553483335
86,306.0,25.264,0.10348663479089737,11.130271,0.94266444,885,859,0.4559742642797112,0.46536096603745397
87,309.6,25.264,0.10258155316114426,11.184045,0.9436963,878,841,0.4531117536513186,0.46957655831214506
88,313.2,25.264,0.10182744264602661,11.285646,0.9444302,873,821,0.44846101793833293,0.4730613553421194
89,316.8,25.264,0.10360154509544373,11.384901,0.94395876,867,800,0.4420404114698958,0.47580160422555196
90,320.40000000000003,25.264,0.10645518451929092,11.44565,0.94251627,863,777,0.4338752734464407,0.4777864904520005
91,324.0,25.264,0.10780725628137589,11.488323,0.9421611,859,755,0.4239978279374504,0.47900818058233735
92,327.6,25.264,0.11093917489051819,11.411072,0.9404667,855,733,0.41244705670777276,0.4794618531637554
93,331.2,25.264,0.11463358998298645,11.268153,0.93816453,852,710,0.39926854537440626,0.479145717757839
94,334.8,25.264,0.11652516573667526,11.168905,0.9358709,851,690,0.38451430350089427,0.4780610220066067
95,338.40000000000003,25.264,0.1181713119149208,11.101718,0.9335453,849,671,0.3682425593393399,0.4762120467086384
96,342.0,25.264,0.12100159376859665,11.064359,0.9313793,848,652,0.35051753003009584,0.47360608892471856
97,345.6,25.264,0.12544238567352295,11.041342,0.9286533,848,631,0.3314091681660498,0.4702534331796718
98,349.2,25.264,0.12881354987621307,11.005263,0.9280009,848,631,0.31099288572169964,0.46616731087404056
99,352.8,25.264,0.13038420677185059,10.967664,0.9279024,850,637,0.28934925643654025,0.46136384806579367
100,356.40000000000003,25.264,0.12730680406093597,10.976482,0.9270149,853,640,0.2665636978273272,0.4558620018281423
